GEO.id,GEO.id2,GEO.display-label,HD01_VD01,HD02_VD01
Id,Id2,Geography,Estimate; Total,Margin of Error; Total
0500000US01003,01003,"Baldwin County, Alabama",160354,*****
0500000US01015,01015,"Calhoun County, Alabama",109762,*****
0500000US01043,01043,"Cullman County, Alabama",78888,*****
0500000US01049,01049,"DeKalb County, Alabama",66407,*****
0500000US01051,01051,"Elmore County, Alabama",68057,*****
0500000US01055,01055,"Etowah County, Alabama",101151,*****
0500000US01069,01069,"Houston County, Alabama",93101,*****
0500000US01073,01073,"Jefferson County, Alabama",641690,*****
0500000US01077,01077,"Lauderdale County, Alabama",85898,*****
0500000US01081,01081,"Lee County, Alabama",118664,*****
0500000US01083,01083,"Limestone County, Alabama",67771,*****
0500000US01089,01089,"Madison County, Alabama",290875,*****
0500000US01095,01095,"Marshall County, Alabama",84662,*****
0500000US01097,01097,"Mobile County, Alabama",393585,*****
0500000US01101,01101,"Montgomery County, Alabama",209374,*****
0500000US01103,01103,"Morgan County, Alabama",112005,*****
0500000US01115,01115,"St. Clair County, Alabama",72100,3926
0500000US01117,01117,"Shelby County, Alabama",169822,*****
0500000US01121,01121,"Talladega County, Alabama",76962,*****
0500000US01125,01125,"Tuscaloosa County, Alabama",160947,*****
0500000US01127,01127,"Walker County, Alabama",69096,*****
0500000US02020,02020,"Anchorage Municipality, Alaska",266281,*****
0500000US02090,02090,"Fairbanks North Star Borough, Alaska",83656,*****
0500000US02170,02170,"Matanuska-Susitna Borough, Alaska",75001,*****
0500000US04001,04001,"Apache County, Arizona",68070,*****
0500000US04003,04003,"Cochise County, Arizona",120439,*****
0500000US04005,04005,"Coconino County, Arizona",120776,*****
0500000US04013,04013,"Maricopa County, Arizona",3590804,*****
0500000US04015,04015,"Mohave County, Arizona",185969,*****
0500000US04017,04017,"Navajo County, Arizona",106192,*****
0500000US04019,04019,"Pima County, Arizona",902720,*****
0500000US04021,04021,"Pinal County, Arizona",214319,*****
0500000US04025,04025,"Yavapai County, Arizona",194928,*****
0500000US04027,04027,"Yuma County, Arizona",175793,*****
0500000US05007,05007,"Benton County, Arkansas",184692,*****
0500000US05031,05031,"Craighead County, Arkansas",84288,*****
0500000US05045,05045,"Faulkner County, Arkansas",91784,*****
0500000US05051,05051,"Garland County, Arkansas",91690,*****
0500000US05069,05069,"Jefferson County, Arkansas",76258,*****
0500000US05119,05119,"Pulaski County, Arkansas",358234,*****
0500000US05125,05125,"Saline County, Arkansas",89380,*****
0500000US05131,05131,"Sebastian County, Arkansas",116426,*****
0500000US05143,05143,"Washington County, Arkansas",173713,*****
0500000US05145,05145,"White County, Arkansas",67705,*****
0500000US06001,06001,"Alameda County, California",1421308,*****
0500000US06007,06007,"Butte County, California",207937,*****
0500000US06013,06013,"Contra Costa County, California",1006486,*****
0500000US06017,06017,"El Dorado County, California",175790,*****
0500000US06019,06019,"Fresno County, California",858948,*****
0500000US06023,06023,"Humboldt County, California",124031,*****
0500000US06025,06025,"Imperial County, California",144523,*****
0500000US06029,06029,"Kern County, California",724206,*****
0500000US06031,06031,"Kings County, California",121418,*****
0500000US06033,06033,"Lake County, California",63962,*****
0500000US06037,06037,"Los Angeles County, California",9758886,*****
0500000US06039,06039,"Madera County, California",134159,*****
0500000US06041,06041,"Marin County, California",235609,*****
0500000US06045,06045,"Mendocino County, California",86011,*****
0500000US06047,06047,"Merced County, California",237278,*****
0500000US06053,06053,"Monterey County, California",389004,*****
0500000US06055,06055,"Napa County, California",127445,*****
0500000US06057,06057,"Nevada County, California",97572,*****
0500000US06059,06059,"Orange County, California",2944537,*****
0500000US06061,06061,"Placer County, California",314135,*****
0500000US06065,06065,"Riverside County, California",1911281,*****
0500000US06067,06067,"Sacramento County, California",1337942,*****
0500000US06071,06071,"San Bernardino County, California",1916665,*****
0500000US06073,06073,"San Diego County, California",2824259,*****
0500000US06075,06075,"San Francisco County, California",719077,*****
0500000US06077,06077,"San Joaquin County, California",646259,*****
0500000US06079,06079,"San Luis Obispo County, California",239638,*****
0500000US06081,06081,"San Mateo County, California",689271,*****
0500000US06083,06083,"Santa Barbara County, California",383393,*****
0500000US06085,06085,"Santa Clara County, California",1669890,*****
0500000US06087,06087,"Santa Cruz County, California",240367,*****
0500000US06089,06089,"Shasta County, California",176570,*****
0500000US06095,06095,"Solano County, California",395426,*****
0500000US06097,06097,"Sonoma County, California",453850,*****
0500000US06099,06099,"Stanislaus County, California",497804,*****
0500000US06101,06101,"Sutter County, California",87444,*****
0500000US06107,06107,"Tulare County, California",404909,*****
0500000US06111,06111,"Ventura County, California",782759,*****
0500000US06113,06113,"Yolo County, California",176609,*****
0500000US06115,06115,"Yuba County, California",65818,*****
0500000US08001,08001,"Adams County, Colorado",396032,*****
0500000US08005,08005,"Arapahoe County, Colorado",524207,*****
0500000US08013,08013,"Boulder County, Colorado",271934,*****
0500000US08031,08031,"Denver County, Colorado",545198,*****
0500000US08035,08035,"Douglas County, Colorado",248950,*****
0500000US08041,08041,"El Paso County, Colorado",550130,*****
0500000US08059,08059,"Jefferson County, Colorado",519071,*****
0500000US08069,08069,"Larimer County, Colorado",264807,*****
0500000US08077,08077,"Mesa County, Colorado",126588,*****
0500000US08101,08101,"Pueblo County, Colorado",147187,*****
0500000US08123,08123,"Weld County, Colorado",223966,*****
0500000US09001,09001,"Fairfield County, Connecticut",884050,*****
0500000US09003,09003,"Hartford County, Connecticut",850068,*****
0500000US09005,09005,"Litchfield County, Connecticut",187426,*****
0500000US09007,09007,"Middlesex County, Connecticut",156694,*****
0500000US09009,09009,"New Haven County, Connecticut",817828,*****
0500000US09011,09011,"New London County, Connecticut",253468,*****
0500000US09013,09013,"Tolland County, Connecticut",133557,*****
0500000US09015,09015,"Windham County, Connecticut",111660,*****
0500000US10001,10001,"Kent County, Delaware",140205,*****
0500000US10003,10003,"New Castle County, Delaware",505271,*****
0500000US10005,10005,"Sussex County, Delaware",173111,*****
0500000US11001,11001,"District of Columbia, District of Columbia",515118,*****
0500000US12001,12001,"Alachua County, Florida",210323,*****
0500000US12005,12005,"Bay County, Florida",158141,*****
0500000US12009,12009,"Brevard County, Florida",521226,*****
0500000US12011,12011,"Broward County, Florida",1757590,*****
0500000US12015,12015,"Charlotte County, Florida",154716,*****
0500000US12017,12017,"Citrus County, Florida",132209,*****
0500000US12019,12019,"Clay County, Florida",169528,*****
0500000US12021,12021,"Collier County, Florida",302514,*****
0500000US12031,12031,"Duval County, Florida",810698,*****
0500000US12033,12033,"Escambia County, Florida",274663,*****
0500000US12035,12035,"Flagler County, Florida",75757,*****
0500000US12053,12053,"Hernando County, Florida",156325,*****
0500000US12055,12055,"Highlands County, Florida",94177,*****
0500000US12057,12057,"Hillsborough County, Florida",1111717,*****
0500000US12061,12061,"Indian River County, Florida",126258,*****
0500000US12069,12069,"Lake County, Florida",273277,*****
0500000US12071,12071,"Lee County, Florida",539097,*****
0500000US12073,12073,"Leon County, Florida",233649,*****
0500000US12081,12081,"Manatee County, Florida",300828,*****
0500000US12083,12083,"Marion County, Florida",295555,*****
0500000US12085,12085,"Martin County, Florida",136138,*****
0500000US12086,12086,"Miami-Dade County, Florida",2329187,*****
0500000US12087,12087,"Monroe County, Florida",75074,*****
0500000US12091,12091,"Okaloosa County, Florida",177284,*****
0500000US12095,12095,"Orange County, Florida",1002849,*****
0500000US12097,12097,"Osceola County, Florida",229134,*****
0500000US12099,12099,"Palm Beach County, Florida",1247908,*****
0500000US12101,12101,"Pasco County, Florida",423356,*****
0500000US12103,12103,"Pinellas County, Florida",905158,*****
0500000US12105,12105,"Polk County, Florida",530126,*****
0500000US12107,12107,"Putnam County, Florida",72148,*****
0500000US12109,12109,"St. Johns County, Florida",159235,*****
0500000US12111,12111,"St. Lucie County, Florida",238575,*****
0500000US12113,12113,"Santa Rosa County, Florida",140650,*****
0500000US12115,12115,"Sarasota County, Florida",359783,*****
0500000US12117,12117,"Seminole County, Florida",398013,*****
0500000US12127,12127,"Volusia County, Florida",475189,*****
0500000US13015,13015,"Bartow County, Georgia",88189,*****
0500000US13021,13021,"Bibb County, Georgia",149248,*****
0500000US13045,13045,"Carroll County, Georgia",101762,*****
0500000US13051,13051,"Chatham County, Georgia",227915,*****
0500000US13057,13057,"Cherokee County, Georgia",182816,*****
0500000US13059,13059,"Clarke County, Georgia",95217,*****
0500000US13063,13063,"Clayton County, Georgia",264231,*****
0500000US13067,13067,"Cobb County, Georgia",653715,*****
0500000US13073,13073,"Columbia County, Georgia",103069,*****
0500000US13077,13077,"Coweta County, Georgia",109108,*****
0500000US13089,13089,"DeKalb County, Georgia",662973,*****
0500000US13095,13095,"Dougherty County, Georgia",90508,*****
0500000US13097,13097,"Douglas County, Georgia",111765,*****
0500000US13113,13113,"Fayette County, Georgia",103643,*****
0500000US13115,13115,"Floyd County, Georgia",90124,*****
0500000US13117,13117,"Forsyth County, Georgia",139501,*****
0500000US13121,13121,"Fulton County, Georgia",884079,*****
0500000US13127,13127,"Glynn County, Georgia",70373,*****
0500000US13135,13135,"Gwinnett County, Georgia",719398,*****
0500000US13139,13139,"Hall County, Georgia",163204,*****
0500000US13151,13151,"Henry County, Georgia",166871,*****
0500000US13153,13153,"Houston County, Georgia",123176,*****
0500000US13185,13185,"Lowndes County, Georgia",89724,*****
0500000US13215,13215,"Muscogee County, Georgia",175930,*****
0500000US13217,13217,"Newton County, Georgia",85474,*****
0500000US13223,13223,"Paulding County, Georgia",111654,*****
0500000US13245,13245,"Richmond County, Georgia",185150,*****
0500000US13247,13247,"Rockdale County, Georgia",77375,*****
0500000US13297,13297,"Walton County, Georgia",74866,*****
0500000US13313,13313,"Whitfield County, Georgia",89734,*****
0500000US15001,15001,"Hawaii County, Hawaii",164437,*****
0500000US15003,15003,"Honolulu County, Hawaii",873177,*****
0500000US15009,15009,"Maui County, Hawaii",138433,70
0500000US16001,16001,"Ada County, Idaho",336193,*****
0500000US16005,16005,"Bannock County, Idaho",75817,*****
0500000US16019,16019,"Bonneville County, Idaho",90711,*****
0500000US16027,16027,"Canyon County, Idaho",161761,*****
0500000US16055,16055,"Kootenai County, Idaho",126079,*****
0500000US16083,16083,"Twin Falls County, Idaho",71334,3242
0500000US17001,17001,"Adams County, Illinois",64273,*****
0500000US17019,17019,"Champaign County, Illinois",168902,*****
0500000US17031,17031,"Cook County, Illinois",5206357,*****
0500000US17037,17037,"DeKalb County, Illinois",89223,*****
0500000US17043,17043,"DuPage County, Illinois",913781,*****
0500000US17089,17089,"Kane County, Illinois",475683,*****
0500000US17091,17091,"Kankakee County, Illinois",103593,*****
0500000US17093,17093,"Kendall County, Illinois",79322,*****
0500000US17097,17097,"Lake County, Illinois",684726,*****
0500000US17099,17099,"LaSalle County, Illinois",109658,*****
0500000US17111,17111,"McHenry County, Illinois",302471,*****
0500000US17113,17113,"McLean County, Illinois",146894,*****
0500000US17115,17115,"Macon County, Illinois",106433,*****
0500000US17119,17119,"Madison County, Illinois",258567,*****
0500000US17143,17143,"Peoria County, Illinois",175166,*****
0500000US17161,17161,"Rock Island County, Illinois",143140,*****
0500000US17163,17163,"St. Clair County, Illinois",255072,*****
0500000US17167,17167,"Sangamon County, Illinois",189438,*****
0500000US17179,17179,"Tazewell County, Illinois",126797,*****
0500000US17183,17183,"Vermilion County, Illinois",79235,*****
0500000US17197,17197,"Will County, Illinois",634183,*****
0500000US17201,17201,"Winnebago County, Illinois",283565,*****
0500000US18003,18003,"Allen County, Indiana",338279,*****
0500000US18005,18005,"Bartholomew County, Indiana",72650,*****
0500000US18019,18019,"Clark County, Indiana",100014,*****
0500000US18035,18035,"Delaware County, Indiana",108356,*****
0500000US18039,18039,"Elkhart County, Indiana",192562,*****
0500000US18043,18043,"Floyd County, Indiana",70932,*****
0500000US18053,18053,"Grant County, Indiana",65632,*****
0500000US18057,18057,"Hamilton County, Indiana",239043,*****
0500000US18063,18063,"Hendricks County, Indiana",123931,*****
0500000US18067,18067,"Howard County, Indiana",83865,*****
0500000US18081,18081,"Johnson County, Indiana",124745,*****
0500000US18085,18085,"Kosciusko County, Indiana",74665,*****
0500000US18089,18089,"Lake County, Indiana",487663,*****
0500000US18091,18091,"LaPorte County, Indiana",104164,*****
0500000US18095,18095,"Madison County, Indiana",125161,*****
0500000US18097,18097,"Marion County, Indiana",844187,*****
0500000US18105,18105,"Monroe County, Indiana",107671,*****
0500000US18109,18109,"Morgan County, Indiana",69141,*****
0500000US18127,18127,"Porter County, Indiana",154188,*****
0500000US18141,18141,"St. Joseph County, Indiana",252673,*****
0500000US18157,18157,"Tippecanoe County, Indiana",139317,*****
0500000US18163,18163,"Vanderburgh County, Indiana",165769,*****
0500000US18167,18167,"Vigo County, Indiana",95094,*****
0500000US18177,18177,"Wayne County, Indiana",66972,*****
0500000US19013,19013,"Black Hawk County, Iowa",120313,*****
0500000US19061,19061,"Dubuque County, Iowa",86626,*****
0500000US19103,19103,"Johnson County, Iowa",108919,*****
0500000US19113,19113,"Linn County, Iowa",193749,*****
0500000US19153,19153,"Polk County, Iowa",391914,*****
0500000US19155,19155,"Pottawattamie County, Iowa",87999,*****
0500000US19163,19163,"Scott County, Iowa",157749,*****
0500000US19169,19169,"Story County, Iowa",70480,*****
0500000US19193,19193,"Woodbury County, Iowa",99729,*****
0500000US20045,20045,"Douglas County, Kansas",94200,*****
0500000US20091,20091,"Johnson County, Kansas",501584,*****
0500000US20103,20103,"Leavenworth County, Kansas",64791,2344
0500000US20173,20173,"Sedgwick County, Kansas",459902,*****
0500000US20177,20177,"Shawnee County, Kansas",167513,*****
0500000US20209,20209,"Wyandotte County, Kansas",154158,*****
0500000US21015,21015,"Boone County, Kentucky",105684,*****
0500000US21029,21029,"Bullitt County, Kentucky",68243,*****
0500000US21037,21037,"Campbell County, Kentucky",85210,*****
0500000US21047,21047,"Christian County, Kentucky",64062,*****
0500000US21059,21059,"Daviess County, Kentucky",90465,*****
0500000US21067,21067,"Fayette County, Kentucky",255389,*****
0500000US21093,21093,"Hardin County, Kentucky",93024,*****
0500000US21111,21111,"Jefferson County, Kentucky",687032,*****
0500000US21117,21117,"Kenton County, Kentucky",151799,*****
0500000US21151,21151,"Madison County, Kentucky",72450,*****
0500000US21195,21195,"Pike County, Kentucky",65976,*****
0500000US21227,21227,"Warren County, Kentucky",93401,*****
0500000US22005,22005,"Ascension Parish, Louisiana",89855,*****
0500000US22015,22015,"Bossier Parish, Louisiana",103391,*****
0500000US22017,22017,"Caddo Parish, Louisiana",244819,*****
0500000US22019,22019,"Calcasieu Parish, Louisiana",180709,*****
0500000US22033,22033,"East Baton Rouge Parish, Louisiana",396735,*****
0500000US22045,22045,"Iberia Parish, Louisiana",72773,*****
0500000US22051,22051,"Jefferson Parish, Louisiana",448578,*****
0500000US22055,22055,"Lafayette Parish, Louisiana",192448,*****
0500000US22057,22057,"Lafourche Parish, Louisiana",90543,*****
0500000US22063,22063,"Livingston Parish, Louisiana",108622,*****
0500000US22071,22071,"Orleans Parish, Louisiana",437186,*****
0500000US22073,22073,"Ouachita Parish, Louisiana",143857,*****
0500000US22079,22079,"Rapides Parish, Louisiana",123090,*****
0500000US22087,22087,"St. Bernard Parish, Louisiana",64576,*****
0500000US22097,22097,"St. Landry Parish, Louisiana",88409,*****
0500000US22103,22103,"St. Tammany Parish, Louisiana",217999,*****
0500000US22105,22105,"Tangipahoa Parish, Louisiana",103261,*****
0500000US22109,22109,"Terrebonne Parish, Louisiana",106078,*****
0500000US23001,23001,"Androscoggin County, Maine",104298,*****
0500000US23003,23003,"Aroostook County, Maine",71046,*****
0500000US23005,23005,"Cumberland County, Maine",264737,*****
0500000US23011,23011,"Kennebec County, Maine",117620,*****
0500000US23019,23019,"Penobscot County, Maine",140625,*****
0500000US23031,23031,"York County, Maine",198899,*****
0500000US24001,24001,"Allegany County, Maryland",67114,*****
0500000US24003,24003,"Anne Arundel County, Maryland",494676,*****
0500000US24005,24005,"Baltimore County, Maryland",767597,*****
0500000US24009,24009,"Calvert County, Maryland",87303,*****
0500000US24013,24013,"Carroll County, Maryland",164663,*****
0500000US24015,24015,"Cecil County, Maryland",96309,*****
0500000US24017,24017,"Charles County, Maryland",137341,*****
0500000US24021,24021,"Frederick County, Maryland",215877,*****
0500000US24025,24025,"Harford County, Maryland",237644,*****
0500000US24027,24027,"Howard County, Maryland",265755,*****
0500000US24031,24031,"Montgomery County, Maryland",918046,*****
0500000US24033,24033,"Prince George's County, Maryland",828834,*****
0500000US24037,24037,"St. Mary's County, Maryland",93301,*****
0500000US24043,24043,"Washington County, Maryland",132574,*****
0500000US24045,24045,"Wicomico County, Maryland",87334,*****
0500000US24510,24510,"Baltimore city, Maryland",608481,*****
0500000US25001,25001,"Barnstable County, Massachusetts",220838,*****
0500000US25003,25003,"Berkshire County, Massachusetts",125654,*****
0500000US25005,25005,"Bristol County, Massachusetts",533310,*****
0500000US25009,25009,"Essex County, Massachusetts",721625,*****
0500000US25011,25011,"Franklin County, Massachusetts",70928,*****
0500000US25013,25013,"Hampden County, Massachusetts",447309,*****
0500000US25015,25015,"Hampshire County, Massachusetts",135676,*****
0500000US25017,25017,"Middlesex County, Massachusetts",1405511,*****
0500000US25021,25021,"Norfolk County, Massachusetts",636632,*****
0500000US25023,25023,"Plymouth County, Massachusetts",481100,*****
0500000US25025,25025,"Suffolk County, Massachusetts",620053,*****
0500000US25027,25027,"Worcester County, Massachusetts",759409,*****
0500000US26005,26005,"Allegan County, Michigan",111257,*****
0500000US26017,26017,"Bay County, Michigan",107256,*****
0500000US26021,26021,"Berrien County, Michigan",158224,*****
0500000US26025,26025,"Calhoun County, Michigan",134628,*****
0500000US26037,26037,"Clinton County, Michigan",68524,*****
0500000US26045,26045,"Eaton County, Michigan",105632,*****
0500000US26049,26049,"Genesee County, Michigan",438589,*****
0500000US26055,26055,"Grand Traverse County, Michigan",81174,*****
0500000US26065,26065,"Ingham County, Michigan",261476,*****
0500000US26073,26073,"Isabella County, Michigan",58848,*****
0500000US26075,26075,"Jackson County, Michigan",152954,*****
0500000US26077,26077,"Kalamazoo County, Michigan",230457,*****
0500000US26081,26081,"Kent County, Michigan",584007,*****
0500000US26087,26087,"Lapeer County, Michigan",91256,*****
0500000US26091,26091,"Lenawee County, Michigan",97102,*****
0500000US26093,26093,"Livingston County, Michigan",179897,*****
0500000US26099,26099,"Macomb County, Michigan",820599,*****
0500000US26111,26111,"Midland County, Michigan",82695,*****
0500000US26115,26115,"Monroe County, Michigan",152392,*****
0500000US26121,26121,"Muskegon County, Michigan",169500,*****
0500000US26125,26125,"Oakland County, Michigan",1200531,*****
0500000US26139,26139,"Ottawa County, Michigan",245075,*****
0500000US26145,26145,"Saginaw County, Michigan",202037,*****
0500000US26147,26147,"St. Clair County, Michigan",169749,*****
0500000US26155,26155,"Shiawassee County, Michigan",72224,*****
0500000US26159,26159,"Van Buren County, Michigan",76896,*****
0500000US26161,26161,"Washtenaw County, Michigan",319791,*****
0500000US26163,26163,"Wayne County, Michigan",1966909,*****
0500000US27003,27003,"Anoka County, Minnesota",320803,*****
0500000US27019,27019,"Carver County, Minnesota",83783,*****
0500000US27037,27037,"Dakota County, Minnesota",381267,*****
0500000US27053,27053,"Hennepin County, Minnesota",1089910,*****
0500000US27109,27109,"Olmsted County, Minnesota",132116,*****
0500000US27123,27123,"Ramsey County, Minnesota",476715,*****
0500000US27137,27137,"St. Louis County, Minnesota",186225,*****
0500000US27139,27139,"Scott County, Minnesota",118822,*****
0500000US27141,27141,"Sherburne County, Minnesota",80003,*****
0500000US27145,27145,"Stearns County, Minnesota",135253,*****
0500000US27163,27163,"Washington County, Minnesota",217021,*****
0500000US27171,27171,"Wright County, Minnesota",109836,*****
0500000US28033,28033,"DeSoto County, Mississippi",136353,*****
0500000US28035,28035,"Forrest County, Mississippi",69608,*****
0500000US28047,28047,"Harrison County, Mississippi",186530,*****
0500000US28049,28049,"Hinds County, Mississippi",239901,*****
0500000US28059,28059,"Jackson County, Mississippi",134249,*****
0500000US28067,28067,"Jones County, Mississippi",66425,3198
0500000US28075,28075,"Lauderdale County, Mississippi",73647,*****
0500000US28081,28081,"Lee County, Mississippi",77438,*****
0500000US28089,28089,"Madison County, Mississippi",82071,*****
0500000US28121,28121,"Rankin County, Mississippi",126569,*****
0500000US29019,29019,"Boone County, Missouri",134391,*****
0500000US29021,29021,"Buchanan County, Missouri",80196,*****
0500000US29031,29031,"Cape Girardeau County, Missouri",67757,*****
0500000US29037,29037,"Cass County, Missouri",93266,*****
0500000US29043,29043,"Christian County, Missouri",66663,*****
0500000US29047,29047,"Clay County, Missouri",199158,*****
0500000US29051,29051,"Cole County, Missouri",67706,*****
0500000US29071,29071,"Franklin County, Missouri",98086,*****
0500000US29077,29077,"Greene County, Missouri",238898,*****
0500000US29095,29095,"Jackson County, Missouri",651181,*****
0500000US29097,29097,"Jasper County, Missouri",107992,*****
0500000US29099,29099,"Jefferson County, Missouri",211639,*****
0500000US29165,29165,"Platte County, Missouri",81241,*****
0500000US29183,29183,"St. Charles County, Missouri",326152,*****
0500000US29189,29189,"St. Louis County, Missouri",985393,*****
0500000US29510,29510,"St. Louis city, Missouri",333730,*****
0500000US30013,30013,"Cascade County, Montana",77462,*****
0500000US30029,30029,"Flathead County, Montana",82027,*****
0500000US30031,30031,"Gallatin County, Montana",77543,2409
0500000US30063,30063,"Missoula County, Montana",96467,*****
0500000US30111,30111,"Yellowstone County, Montana",133762,*****
0500000US31055,31055,"Douglas County, Nebraska",474913,*****
0500000US31109,31109,"Lancaster County, Nebraska",252319,*****
0500000US31153,31153,"Sarpy County, Nebraska",137891,*****
0500000US32003,32003,"Clark County, Nevada",1691213,*****
0500000US32031,32031,"Washoe County, Nevada",384462,*****
0500000US33005,33005,"Cheshire County, New Hampshire",73019,*****
0500000US33009,33009,"Grafton County, New Hampshire",77887,*****
0500000US33011,33011,"Hillsborough County, New Hampshire",393207,*****
0500000US33013,33013,"Merrimack County, New Hampshire",140311,*****
0500000US33015,33015,"Rockingham County, New Hampshire",292410,*****
0500000US33017,33017,"Strafford County, New Hampshire",113300,*****
0500000US34001,34001,"Atlantic County, New Jersey",264403,*****
0500000US34003,34003,"Bergen County, New Jersey",891237,*****
0500000US34005,34005,"Burlington County, New Jersey",436706,*****
0500000US34007,34007,"Camden County, New Jersey",507843,*****
0500000US34009,34009,"Cape May County, New Jersey",96630,*****
0500000US34011,34011,"Cumberland County, New Jersey",139968,*****
0500000US34013,34013,"Essex County, New Jersey",769628,*****
0500000US34015,34015,"Gloucester County, New Jersey",271709,*****
0500000US34017,34017,"Hudson County, New Jersey",594071,*****
0500000US34019,34019,"Hunterdon County, New Jersey",126116,*****
0500000US34021,34021,"Mercer County, New Jersey",345118,*****
0500000US34023,34023,"Middlesex County, New Jersey",768696,*****
0500000US34025,34025,"Monmouth County, New Jersey",625874,*****
0500000US34027,34027,"Morris County, New Jersey",481139,*****
0500000US34029,34029,"Ocean County, New Jersey",550447,*****
0500000US34031,34031,"Passaic County, New Jersey",487756,*****
0500000US34033,34033,"Salem County, New Jersey",65124,*****
0500000US34035,34035,"Somerset County, New Jersey",314960,*****
0500000US34037,34037,"Sussex County, New Jersey",151443,*****
0500000US34039,34039,"Union County, New Jersey",523649,*****
0500000US34041,34041,"Warren County, New Jersey",108910,*****
0500000US35001,35001,"Bernalillo County, New Mexico",592570,*****
0500000US35013,35013,"Dona Ana County, New Mexico",184089,*****
0500000US35031,35031,"McKinley County, New Mexico",71059,*****
0500000US35043,35043,"Sandoval County, New Mexico",106765,*****
0500000US35045,35045,"San Juan County, New Mexico",124994,*****
0500000US35049,35049,"Santa Fe County, New Mexico",137758,*****
0500000US35061,35061,"Valencia County, New Mexico",67135,1943
0500000US36001,36001,"Albany County, New York",280570,*****
0500000US36005,36005,"Bronx County, New York",1309640,*****
0500000US36007,36007,"Broome County, New York",186680,*****
0500000US36009,36009,"Cattaraugus County, New York",79201,*****
0500000US36011,36011,"Cayuga County, New York",77016,*****
0500000US36013,36013,"Chautauqua County, New York",129887,*****
0500000US36015,36015,"Chemung County, New York",84117,*****
0500000US36019,36019,"Clinton County, New York",75053,*****
0500000US36027,36027,"Dutchess County, New York",276889,*****
0500000US36029,36029,"Erie County, New York",898981,*****
0500000US36045,36045,"Jefferson County, New York",107710,*****
0500000US36047,36047,"Kings County, New York",2446016,*****
0500000US36053,36053,"Madison County, New York",65407,*****
0500000US36055,36055,"Monroe County, New York",704993,*****
0500000US36059,36059,"Nassau County, New York",1310076,*****
0500000US36061,36061,"New York County, New York",1529774,*****
0500000US36063,36063,"Niagara County, New York",212573,*****
0500000US36065,36065,"Oneida County, New York",219249,*****
0500000US36067,36067,"Onondaga County, New York",444328,*****
0500000US36069,36069,"Ontario County, New York",101340,*****
0500000US36071,36071,"Orange County, New York",359089,*****
0500000US36075,36075,"Oswego County, New York",118560,*****
0500000US36079,36079,"Putnam County, New York",98303,*****
0500000US36081,36081,"Queens County, New York",2215339,*****
0500000US36083,36083,"Rensselaer County, New York",150163,*****
0500000US36085,36085,"Richmond County, New York",455344,*****
0500000US36087,36087,"Rockland County, New York",285088,*****
0500000US36089,36089,"St. Lawrence County, New York",100042,*****
0500000US36091,36091,"Saratoga County, New York",210554,*****
0500000US36093,36093,"Schenectady County, New York",144344,*****
0500000US36101,36101,"Steuben County, New York",97041,*****
0500000US36103,36103,"Suffolk County, New York",1444642,*****
0500000US36105,36105,"Sullivan County, New York",71914,*****
0500000US36109,36109,"Tompkins County, New York",87080,*****
0500000US36111,36111,"Ulster County, New York",170938,*****
0500000US36113,36113,"Warren County, New York",64276,*****
0500000US36117,36117,"Wayne County, New York",91951,*****
0500000US36119,36119,"Westchester County, New York",915916,*****
0500000US37001,37001,"Alamance County, North Carolina",136552,*****
0500000US37019,37019,"Brunswick County, North Carolina",88396,*****
0500000US37021,37021,"Buncombe County, North Carolina",211759,*****
0500000US37023,37023,"Burke County, North Carolina",85727,*****
0500000US37025,37025,"Cabarrus County, North Carolina",147939,*****
0500000US37027,37027,"Caldwell County, North Carolina",77918,*****
0500000US37035,37035,"Catawba County, North Carolina",149294,*****
0500000US37045,37045,"Cleveland County, North Carolina",95778,*****
0500000US37049,37049,"Craven County, North Carolina",86369,*****
0500000US37051,37051,"Cumberland County, North Carolina",284231,*****
0500000US37057,37057,"Davidson County, North Carolina",152670,*****
0500000US37063,37063,"Durham County, North Carolina",232573,*****
0500000US37067,37067,"Forsyth County, North Carolina",315856,*****
0500000US37071,37071,"Gaston County, North Carolina",193162,*****
0500000US37081,37081,"Guilford County, North Carolina",429603,*****
0500000US37085,37085,"Harnett County, North Carolina",100634,*****
0500000US37089,37089,"Henderson County, North Carolina",95381,*****
0500000US37097,37097,"Iredell County, North Carolina",139249,*****
0500000US37101,37101,"Johnston County, North Carolina",144621,*****
0500000US37109,37109,"Lincoln County, North Carolina",68947,*****
0500000US37119,37119,"Mecklenburg County, North Carolina",780618,*****
0500000US37125,37125,"Moore County, North Carolina",79938,*****
0500000US37127,37127,"Nash County, North Carolina",89157,*****
0500000US37129,37129,"New Hanover County, North Carolina",174861,*****
0500000US37133,37133,"Onslow County, North Carolina",125251,*****
0500000US37135,37135,"Orange County, North Carolina",108104,*****
0500000US37147,37147,"Pitt County, North Carolina",136271,*****
0500000US37151,37151,"Randolph County, North Carolina",136953,*****
0500000US37155,37155,"Robeson County, North Carolina",123921,*****
0500000US37157,37157,"Rockingham County, North Carolina",91419,*****
0500000US37159,37159,"Rowan County, North Carolina",130457,*****
0500000US37171,37171,"Surry County, North Carolina",71330,*****
0500000US37179,37179,"Union County, North Carolina",161127,*****
0500000US37183,37183,"Wake County, North Carolina",730138,*****
0500000US37191,37191,"Wayne County, North Carolina",109615,*****
0500000US37193,37193,"Wilkes County, North Carolina",66492,*****
0500000US37195,37195,"Wilson County, North Carolina",74480,*****
0500000US38015,38015,"Burleigh County, North Dakota",71020,*****
0500000US38017,38017,"Cass County, North Dakota",126098,*****
0500000US38035,38035,"Grand Forks County, North Dakota",59320,*****
0500000US39003,39003,"Allen County, Ohio",101619,*****
0500000US39007,39007,"Ashtabula County, Ohio",101082,*****
0500000US39013,39013,"Belmont County, Ohio",65833,*****
0500000US39017,39017,"Butler County, Ohio",339309,*****
0500000US39023,39023,"Clark County, Ohio",139053,*****
0500000US39025,39025,"Clermont County, Ohio",189124,*****
0500000US39029,39029,"Columbiana County, Ohio",107164,*****
0500000US39035,39035,"Cuyahoga County, Ohio",1305166,*****
0500000US39041,39041,"Delaware County, Ohio",147601,*****
0500000US39043,39043,"Erie County, Ohio",76797,*****
0500000US39045,39045,"Fairfield County, Ohio",135828,*****
0500000US39049,39049,"Franklin County, Ohio",1068080,*****
0500000US39055,39055,"Geauga County, Ohio",94171,*****
0500000US39057,39057,"Greene County, Ohio",143218,*****
0500000US39061,39061,"Hamilton County, Ohio",786982,*****
0500000US39063,39063,"Hancock County, Ohio",71503,*****
0500000US39081,39081,"Jefferson County, Ohio",68436,*****
0500000US39085,39085,"Lake County, Ohio",229566,*****
0500000US39089,39089,"Licking County, Ohio",151499,*****
0500000US39093,39093,"Lorain County, Ohio",287985,*****
0500000US39095,39095,"Lucas County, Ohio",437901,*****
0500000US39099,39099,"Mahoning County, Ohio",240774,*****
0500000US39101,39101,"Marion County, Ohio",61031,*****
0500000US39103,39103,"Medina County, Ohio",165491,*****
0500000US39109,39109,"Miami County, Ohio",100220,*****
0500000US39113,39113,"Montgomery County, Ohio",531864,*****
0500000US39119,39119,"Muskingum County, Ohio",83110,*****
0500000US39133,39133,"Portage County, Ohio",147502,*****
0500000US39139,39139,"Richland County, Ohio",121365,*****
0500000US39141,39141,"Ross County, Ohio",69435,*****
0500000US39145,39145,"Scioto County, Ohio",73403,*****
0500000US39151,39151,"Stark County, Ohio",371677,*****
0500000US39153,39153,"Summit County, Ohio",536957,*****
0500000US39155,39155,"Trumbull County, Ohio",215254,*****
0500000US39157,39157,"Tuscarawas County, Ohio",90781,*****
0500000US39165,39165,"Warren County, Ohio",190403,*****
0500000US39169,39169,"Wayne County, Ohio",110327,*****
0500000US39173,39173,"Wood County, Ohio",115904,*****
0500000US40017,40017,"Canadian County, Oklahoma",96528,*****
0500000US40027,40027,"Cleveland County, Oklahoma",215597,*****
0500000US40031,40031,"Comanche County, Oklahoma",102887,*****
0500000US40037,40037,"Creek County, Oklahoma",68033,*****
0500000US40101,40101,"Muskogee County, Oklahoma",67312,*****
0500000US40109,40109,"Oklahoma County, Oklahoma",666904,*****
0500000US40119,40119,"Payne County, Oklahoma",60771,*****
0500000US40125,40125,"Pottawatomie County, Oklahoma",65077,*****
0500000US40131,40131,"Rogers County, Oklahoma",79904,*****
0500000US40143,40143,"Tulsa County, Oklahoma",560431,*****
0500000US41003,41003,"Benton County, Oregon",74075,*****
0500000US41005,41005,"Clackamas County, Oregon",365723,*****
0500000US41017,41017,"Deschutes County, Oregon",140161,*****
0500000US41019,41019,"Douglas County, Oregon",102678,*****
0500000US41029,41029,"Jackson County, Oregon",191465,*****
0500000US41033,41033,"Josephine County, Oregon",79751,*****
0500000US41035,41035,"Klamath County, Oregon",65178,1616
0500000US41039,41039,"Lane County, Oregon",327762,*****
0500000US41043,41043,"Linn County, Oregon",107920,*****
0500000US41047,41047,"Marion County, Oregon",292984,*****
0500000US41051,41051,"Multnomah County, Oregon",656146,*****
0500000US41053,41053,"Polk County, Oregon",67873,*****
0500000US41059,41059,"Umatilla County, Oregon",69526,*****
0500000US41067,41067,"Washington County, Oregon",495597,*****
0500000US41071,41071,"Yamhill County, Oregon",87211,*****
0500000US42001,42001,"Adams County, Pennsylvania",95850,*****
0500000US42003,42003,"Allegheny County, Pennsylvania",1195503,*****
0500000US42005,42005,"Armstrong County, Pennsylvania",69501,*****
0500000US42007,42007,"Beaver County, Pennsylvania",173086,*****
0500000US42011,42011,"Berks County, Pennsylvania",382917,*****
0500000US42013,42013,"Blair County, Pennsylvania",122717,*****
0500000US42017,42017,"Bucks County, Pennsylvania",612210,*****
0500000US42019,42019,"Butler County, Pennsylvania",175561,*****
0500000US42021,42021,"Cambria County, Pennsylvania",138963,*****
0500000US42027,42027,"Centre County, Pennsylvania",124263,*****
0500000US42029,42029,"Chester County, Pennsylvania",458141,*****
0500000US42033,42033,"Clearfield County, Pennsylvania",79001,*****
0500000US42039,42039,"Crawford County, Pennsylvania",85445,*****
0500000US42041,42041,"Cumberland County, Pennsylvania",208751,*****
0500000US42043,42043,"Dauphin County, Pennsylvania",247379,*****
0500000US42045,42045,"Delaware County, Pennsylvania",531609,*****
0500000US42049,42049,"Erie County, Pennsylvania",266662,*****
0500000US42051,42051,"Fayette County, Pennsylvania",141661,*****
0500000US42055,42055,"Franklin County, Pennsylvania",134409,*****
0500000US42063,42063,"Indiana County, Pennsylvania",83256,*****
0500000US42069,42069,"Lackawanna County, Pennsylvania",201201,*****
0500000US42071,42071,"Lancaster County, Pennsylvania",476155,*****
0500000US42073,42073,"Lawrence County, Pennsylvania",89742,*****
0500000US42075,42075,"Lebanon County, Pennsylvania",121054,*****
0500000US42077,42077,"Lehigh County, Pennsylvania",319993,*****
0500000US42079,42079,"Luzerne County, Pennsylvania",299279,*****
0500000US42081,42081,"Lycoming County, Pennsylvania",112735,*****
0500000US42085,42085,"Mercer County, Pennsylvania",112981,*****
0500000US42089,42089,"Monroe County, Pennsylvania",159175,*****
0500000US42091,42091,"Montgomery County, Pennsylvania",753046,*****
0500000US42095,42095,"Northampton County, Pennsylvania",276878,*****
0500000US42097,42097,"Northumberland County, Pennsylvania",88726,*****
0500000US42101,42101,"Philadelphia County, Pennsylvania",1406415,*****
0500000US42107,42107,"Schuylkill County, Pennsylvania",139811,*****
0500000US42111,42111,"Somerset County, Pennsylvania",74617,*****
0500000US42125,42125,"Washington County, Pennsylvania",200938,*****
0500000US42129,42129,"Westmoreland County, Pennsylvania",358687,*****
0500000US42133,42133,"York County, Pennsylvania",400670,*****
0500000US44003,44003,"Kent County, Rhode Island",169719,*****
0500000US44005,44005,"Newport County, Rhode Island",80965,*****
0500000US44007,44007,"Providence County, Rhode Island",610539,*****
0500000US44009,44009,"Washington County, Rhode Island",123322,*****
0500000US45003,45003,"Aiken County, South Carolina",148084,*****
0500000US45007,45007,"Anderson County, South Carolina",172748,*****
0500000US45013,45013,"Beaufort County, South Carolina",131695,*****
0500000US45015,45015,"Berkeley County, South Carolina",146975,*****
0500000US45019,45019,"Charleston County, South Carolina",317770,*****
0500000US45031,45031,"Darlington County, South Carolina",66072,*****
0500000US45035,45035,"Dorchester County, South Carolina",110552,*****
0500000US45041,45041,"Florence County, South Carolina",127293,*****
0500000US45045,45045,"Greenville County, South Carolina",396399,*****
0500000US45047,45047,"Greenwood County, South Carolina",65436,*****
0500000US45051,45051,"Horry County, South Carolina",224487,*****
0500000US45059,45059,"Laurens County, South Carolina",67556,*****
0500000US45063,45063,"Lexington County, South Carolina",232350,*****
0500000US45073,45073,"Oconee County, South Carolina",68937,*****
0500000US45075,45075,"Orangeburg County, South Carolina",86924,*****
0500000US45077,45077,"Pickens County, South Carolina",106583,*****
0500000US45079,45079,"Richland County, South Carolina",310345,*****
0500000US45083,45083,"Spartanburg County, South Carolina",259224,*****
0500000US45085,45085,"Sumter County, South Carolina",102146,*****
0500000US45091,45091,"York County, South Carolina",185731,*****
0500000US46099,46099,"Minnehaha County, South Dakota",154396,*****
0500000US46103,46103,"Pennington County, South Dakota",91040,*****
0500000US47001,47001,"Anderson County, Tennessee",71553,*****
0500000US47009,47009,"Blount County, Tennessee",113393,*****
0500000US47011,47011,"Bradley County, Tennessee",90039,*****
0500000US47037,47037,"Davidson County, Tennessee",549850,*****
0500000US47059,47059,"Greene County, Tennessee",67268,2048
0500000US47065,47065,"Hamilton County, Tennessee",302475,*****
0500000US47093,47093,"Knox County, Tennessee",392382,*****
0500000US47113,47113,"Madison County, Tennessee",91316,*****
0500000US47119,47119,"Maury County, Tennessee",75054,*****
0500000US47125,47125,"Montgomery County, Tennessee",142799,*****
0500000US47141,47141,"Putnam County, Tennessee",63749,*****
0500000US47149,47149,"Rutherford County, Tennessee",212434,*****
0500000US47155,47155,"Sevier County, Tennessee",78645,*****
0500000US47157,47157,"Shelby County, Tennessee",889955,*****
0500000US47163,47163,"Sullivan County, Tennessee",150027,*****
0500000US47165,47165,"Sumner County, Tennessee",143618,*****
0500000US47179,47179,"Washington County, Tennessee",108537,*****
0500000US47187,47187,"Williamson County, Tennessee",152604,*****
0500000US47189,47189,"Wilson County, Tennessee",99204,*****
0500000US48005,48005,"Angelina County, Texas",78839,*****
0500000US48021,48021,"Bastrop County, Texas",61724,5118
0500000US48027,48027,"Bell County, Texas",246592,*****
0500000US48029,48029,"Bexar County, Texas",1482598,*****
0500000US48037,48037,"Bowie County, Texas",83813,*****
0500000US48039,48039,"Brazoria County, Texas",267376,*****
0500000US48041,48041,"Brazos County, Texas",143502,*****
0500000US48061,48061,"Cameron County, Texas",374081,*****
0500000US48085,48085,"Collin County, Texas",655994,*****
0500000US48091,48091,"Comal County, Texas",94794,*****
0500000US48099,48099,"Coryell County, Texas",58930,*****
0500000US48113,48113,"Dallas County, Texas",2267080,*****
0500000US48121,48121,"Denton County, Texas",544511,*****
0500000US48135,48135,"Ector County, Texas",123331,*****
0500000US48139,48139,"Ellis County, Texas",131480,*****
0500000US48141,48141,"El Paso County, Texas",708319,*****
0500000US48157,48157,"Fort Bend County, Texas",457225,*****
0500000US48167,48167,"Galveston County, Texas",273162,*****
0500000US48181,48181,"Grayson County, Texas",113899,*****
0500000US48183,48183,"Gregg County, Texas",112357,*****
0500000US48187,48187,"Guadalupe County, Texas",101236,*****
0500000US48201,48201,"Harris County, Texas",3647656,*****
0500000US48209,48209,"Hays County, Texas",115030,*****
0500000US48213,48213,"Henderson County, Texas",78744,*****
0500000US48215,48215,"Hidalgo County, Texas",671967,*****
0500000US48231,48231,"Hunt County, Texas",80052,*****
0500000US48245,48245,"Jefferson County, Texas",231311,*****
0500000US48251,48251,"Johnson County, Texas",143757,*****
0500000US48257,48257,"Kaufman County, Texas",87655,*****
0500000US48291,48291,"Liberty County, Texas",70116,*****
0500000US48303,48303,"Lubbock County, Texas",241947,*****
0500000US48309,48309,"McLennan County, Texas",214582,*****
0500000US48329,48329,"Midland County, Texas",119720,*****
0500000US48339,48339,"Montgomery County, Texas",376051,*****
0500000US48355,48355,"Nueces County, Texas",313465,*****
0500000US48361,48361,"Orange County, Texas",83996,*****
0500000US48367,48367,"Parker County, Texas",99846,*****
0500000US48375,48375,"Potter County, Texas",111882,*****
0500000US48381,48381,"Randall County, Texas",108383,*****
0500000US48409,48409,"San Patricio County, Texas",68077,*****
0500000US48423,48423,"Smith County, Texas",185465,*****
0500000US48439,48439,"Tarrant County, Texas",1595715,*****
0500000US48441,48441,"Taylor County, Texas",118744,*****
0500000US48451,48451,"Tom Green County, Texas",99178,*****
0500000US48453,48453,"Travis County, Texas",866349,*****
0500000US48469,48469,"Victoria County, Texas",84044,*****
0500000US48479,48479,"Webb County, Texas",221478,*****
0500000US48485,48485,"Wichita County, Texas",114651,*****
0500000US48491,48491,"Williamson County, Texas",328421,*****
0500000US49005,49005,"Cache County, Utah",94697,*****
0500000US49011,49011,"Davis County, Utah",264676,*****
0500000US49035,49035,"Salt Lake County, Utah",933416,*****
0500000US49049,49049,"Utah County, Utah",434677,*****
0500000US49053,49053,"Washington County, Utah",117385,*****
0500000US49057,49057,"Weber County, Utah",207711,*****
0500000US50007,50007,"Chittenden County, Vermont",142216,*****
0500000US51003,51003,"Albemarle County, Virginia",84202,*****
0500000US51013,51013,"Arlington County, Virginia",191852,*****
0500000US51015,51015,"Augusta County, Virginia",68370,1566
0500000US51019,51019,"Bedford County, Virginia",64764,2509
0500000US51041,51041,"Chesterfield County, Virginia",284956,*****
0500000US51059,51059,"Fairfax County, Virginia",998690,*****
0500000US51069,51069,"Frederick County, Virginia",68200,*****
0500000US51085,51085,"Hanover County, Virginia",95208,*****
0500000US51087,51087,"Henrico County, Virginia",276644,*****
0500000US51107,51107,"Loudoun County, Virginia",254612,*****
0500000US51121,51121,"Montgomery County, Virginia",74962,*****
0500000US51153,51153,"Prince William County, Virginia",346790,*****
0500000US51161,51161,"Roanoke County, Virginia",85900,*****
0500000US51165,51165,"Rockingham County, Virginia",69530,*****
0500000US51177,51177,"Spotsylvania County, Virginia",115995,*****
0500000US51179,51179,"Stafford County, Virginia",116424,*****
0500000US51510,51510,"Alexandria city, Virginia",133479,*****
0500000US51550,51550,"Chesapeake city, Virginia",214835,*****
0500000US51650,51650,"Hampton city, Virginia",133584,*****
0500000US51680,51680,"Lynchburg city, Virginia",60378,2660
0500000US51700,51700,"Newport News city, Virginia",176591,*****
0500000US51710,51710,"Norfolk city, Virginia",206172,*****
0500000US51740,51740,"Portsmouth city, Virginia",95183,*****
0500000US51760,51760,"Richmond city, Virginia",180757,*****
0500000US51770,51770,"Roanoke city, Virginia",90074,*****
0500000US51800,51800,"Suffolk city, Virginia",77922,*****
0500000US51810,51810,"Virginia Beach city, Virginia",430856,*****
0500000US53005,53005,"Benton County, Washington",157127,*****
0500000US53007,53007,"Chelan County, Washington",68709,*****
0500000US53009,53009,"Clallam County, Washington",68147,*****
0500000US53011,53011,"Clark County, Washington",400722,*****
0500000US53015,53015,"Cowlitz County, Washington",95905,*****
0500000US53025,53025,"Grant County, Washington",80136,*****
0500000US53027,53027,"Grays Harbor County, Washington",68309,*****
0500000US53029,53029,"Island County, Washington",77698,*****
0500000US53033,53033,"King County, Washington",1755818,*****
0500000US53035,53035,"Kitsap County, Washington",231902,*****
0500000US53041,53041,"Lewis County, Washington",71430,*****
0500000US53053,53053,"Pierce County, Washington",731598,*****
0500000US53057,53057,"Skagit County, Washington",111330,*****
0500000US53061,53061,"Snohomish County, Washington",646299,*****
0500000US53063,53063,"Spokane County, Washington",425684,*****
0500000US53067,53067,"Thurston County, Washington",225469,*****
0500000US53073,53073,"Whatcom County, Washington",178425,*****
0500000US53077,53077,"Yakima County, Washington",227809,*****
0500000US54003,54003,"Berkeley County, West Virginia",92140,*****
0500000US54011,54011,"Cabell County, West Virginia",90514,*****
0500000US54033,54033,"Harrison County, West Virginia",67252,*****
0500000US54039,54039,"Kanawha County, West Virginia",190137,*****
0500000US54061,54061,"Monongalia County, West Virginia",77321,*****
0500000US54081,54081,"Raleigh County, West Virginia",75436,*****
0500000US54107,54107,"Wood County, West Virginia",85634,*****
0500000US55009,55009,"Brown County, Wisconsin",231333,*****
0500000US55025,55025,"Dane County, Wisconsin",442336,*****
0500000US55027,55027,"Dodge County, Wisconsin",82177,*****
0500000US55035,55035,"Eau Claire County, Wisconsin",89003,*****
0500000US55039,55039,"Fond du Lac County, Wisconsin",94964,*****
0500000US55055,55055,"Jefferson County, Wisconsin",75761,*****
0500000US55059,55059,"Kenosha County, Wisconsin",156308,*****
0500000US55063,55063,"La Crosse County, Wisconsin",103687,*****
0500000US55071,55071,"Manitowoc County, Wisconsin",80612,*****
0500000US55073,55073,"Marathon County, Wisconsin",127080,*****
0500000US55079,55079,"Milwaukee County, Wisconsin",897972,*****
0500000US55087,55087,"Outagamie County, Wisconsin",167679,*****
0500000US55089,55089,"Ozaukee County, Wisconsin",84295,*****
0500000US55097,55097,"Portage County, Wisconsin",64103,*****
0500000US55101,55101,"Racine County, Wisconsin",190368,*****
0500000US55105,55105,"Rock County, Wisconsin",154296,*****
0500000US55109,55109,"St. Croix County, Wisconsin",76227,*****
0500000US55117,55117,"Sheboygan County, Wisconsin",111100,*****
0500000US55127,55127,"Walworth County, Wisconsin",96394,*****
0500000US55131,55131,"Washington County, Wisconsin",124849,*****
0500000US55133,55133,"Waukesha County, Wisconsin",373401,*****
0500000US55139,55139,"Winnebago County, Wisconsin",150687,*****
0500000US55141,55141,"Wood County, Wisconsin",73988,*****
0500000US56021,56021,"Laramie County, Wyoming",81793,*****
0500000US56025,56025,"Natrona County, Wyoming",68203,*****
